{"mfu":17.680783128598097,"_timestamp":1.7408070326831675e+09,"train/loss":2.3424079418182373,"_wandb":{"runtime":85},"_step":20,"iter":100,"val/loss":2.331202268600464,"lr":0.002,"_runtime":85.130827705}