{"val/loss":2.3281564712524414,"_wandb":{"runtime":94},"mfu":24.07833361285733,"_runtime":94.356016492,"_step":20,"iter":100,"train/loss":2.34273624420166,"lr":0.003,"_timestamp":1.7391389525368042e+09}