{"_wandb":{"runtime":84},"iter":100,"lr":0.06,"_step":20,"_timestamp":1.740806280909678e+09,"_runtime":84.390909734,"val/loss":2.3685197830200195,"mfu":18.583911351128673,"train/loss":2.3827903270721436}