{"_timestamp":1.7391972137959452e+09,"_runtime":77.480412701,"train/loss":2.3515403270721436,"_step":20,"mfu":19.57107171314959,"lr":0.03,"_wandb":{"runtime":77},"val/loss":2.358827590942383,"iter":100}