{"iter":20,"val/loss":3.322813034057617,"train/loss":3.51061749458313,"_timestamp":1.7391944174053996e+09,"lr":3e-05,"_runtime":18.273069455,"_step":4,"_wandb":{"runtime":18},"mfu":24.577692512001747}