{"lr":0.003,"_step":20,"_wandb":{"runtime":81},"iter":100,"_timestamp":1.739139270911698e+09,"mfu":24.139832821176313,"_runtime":80.882047822,"train/loss":2.3409423828125,"val/loss":2.3270440101623535}