{"_step":20,"train/loss":2.3773159980773926,"lr":0.03,"_wandb":{"runtime":414},"_timestamp":1.7408055381911461e+09,"_runtime":414.217312768,"iter":100,"val/loss":2.368587017059326,"mfu":10.50739819037517}