{"lr":0.0003,"_step":20,"train/loss":2.3483242988586426,"mfu":61.97035094227223,"_wandb":{"runtime":37},"val/loss":2.357482433319092,"_timestamp":1.7391966081928082e+09,"iter":100,"_runtime":37.771542978}