{"_wandb":{"runtime":28},"val/loss":2.193488359451294,"mfu":61.97585685763003,"train/loss":2.1938929557800293,"lr":0.003,"_runtime":28.02253467,"_timestamp":1.7391968794851186e+09,"_step":20,"iter":100}