{"_timestamp":1.7408057757367904e+09,"_runtime":15.973663112,"mfu":-100,"_step":0,"lr":3e-05,"_wandb":{"runtime":34},"train/loss":2.369575023651123,"iter":0,"val/loss":2.411567211151123}