{"train/loss":2.379354238510132,"mfu":-100,"val/loss":2.3661446571350098,"lr":3e-05,"_step":0,"_timestamp":1.7408059322623107e+09,"iter":0,"_runtime":9.896029041,"_wandb":{"runtime":14}}