{"train/loss":1.9989662170410156,"val/loss":2.0427775382995605,"iter":20,"_step":4,"_timestamp":1.7391349947133296e+09,"_runtime":17.652600548,"_wandb":{"runtime":17},"lr":3e-05,"mfu":24.89668065522117}