{"train/loss":1.9984848499298096,"lr":3e-05,"_timestamp":1.739135096382178e+09,"_runtime":17.634100975,"_wandb":{"runtime":17},"mfu":24.9075939074856,"_step":4,"iter":20,"val/loss":2.0408802032470703}