{"val/loss":3.515199661254883,"lr":0.003,"train/loss":3.6690948009490967,"iter":100,"_runtime":73.985394965,"_wandb":{"runtime":74},"_timestamp":1.7391945145852962e+09,"_step":20,"mfu":19.99051958299654}