{"_runtime":27.505308396,"_wandb":{"runtime":27},"train/loss":2.0803611278533936,"lr":0.03,"_timestamp":1.7391970307378163e+09,"_step":20,"val/loss":2.0759646892547607,"iter":100,"mfu":62.27109380095869}