{"val/loss":4.015289306640625,"lr":3e-05,"mfu":-100,"iter":0,"train/loss":4.112724304199219,"_runtime":16.243894162,"_wandb":{"runtime":26},"_timestamp":1.739194368483744e+09,"_step":0}