{"train/loss":2.360422372817993,"_wandb":{"runtime":270},"_step":20,"iter":100,"val/loss":2.3510231971740723,"_timestamp":1.7408067112471466e+09,"lr":0.008,"mfu":17.39863240904563,"_runtime":269.568870831}