{"_timestamp":1.7408080229500725e+09,"_step":20,"_runtime":189.800262036,"iter":100,"mfu":10.87292467337401,"_wandb":{"runtime":190},"train/loss":2.2909047603607178,"val/loss":2.297450542449951,"lr":0.004}