{"train/loss":2.297443151473999,"_timestamp":1.7391395138845453e+09,"_step":20,"iter":100,"_wandb":{"runtime":147},"mfu":16.508595289227213,"val/loss":2.3022494316101074,"lr":0.003,"_runtime":147.31583619}