{"iter":100,"val/loss":2.366250514984131,"lr":0.03,"_timestamp":1.7408061030325155e+09,"_wandb":{"runtime":84},"_step":20,"train/loss":2.3779642581939697,"_runtime":82.888933515,"mfu":18.12830968840371}