{"_wandb":{"runtime":89},"val/loss":2.3315556049346924,"_step":20,"_runtime":89.210907092,"mfu":15.416622012922096,"iter":100,"train/loss":2.345268964767456,"lr":0.004,"_timestamp":1.7408068884402688e+09}