{"train/loss":2.3374714851379395,"lr":3e-05,"_runtime":9.446990969,"mfu":-100,"iter":0,"_timestamp":1.7408059015690126e+09,"_step":0,"_wandb":{"runtime":11},"val/loss":2.374497890472412}