{"_timestamp":1.739132601270293e+09,"_wandb":{"runtime":35},"lr":3e-05,"train/loss":1.9975610971450806,"iter":20,"val/loss":2.0415449142456055,"mfu":24.33383529528382,"_runtime":34.885113305,"_step":4}