{"_timestamp":1.7391590051225543e+09,"val/loss":3.321958065032959,"_wandb":{"runtime":24},"mfu":24.976417307131598,"_step":4,"_runtime":24.065011775,"train/loss":3.5112175941467285,"lr":3e-05,"iter":20}