{"_timestamp":1.7391968163536096e+09,"iter":100,"_runtime":27.704921131,"_step":20,"_wandb":{"runtime":27},"train/loss":2.3812880516052246,"val/loss":2.389275312423706,"lr":3e-05,"mfu":62.267952972478234}